{"val_loss": [1.1618250409126283, 0.9279904986381531, 0.8520183806419372, 0.8235955154418946, 0.7975132556915283, 0.6928560736656189, 0.7355556230545044, 0.7216473657608032, 0.6690330387115478, 0.6227327487945556, 0.6159716209411621, 0.6149847236633301, 0.618955657196045, 0.5757604515075684, 0.5737088613510132, 0.6425380633354187, 0.595517867565155, 0.583562919139862, 0.5704403412818909, 0.607478173828125, 0.5782163749694824, 0.5852410164833068, 0.6221833716392517, 0.6032527366638184, 0.5856504627227783, 0.5713587574005127, 0.5953233407497406, 0.6207462799072265, 0.6301075853347778, 0.5986940368652344, 0.6520058042526246, 0.5771052537918091, 0.6008008402824402, 0.583490644454956, 0.5925525808811187, 0.6169865478992462, 0.6211227253913879, 0.6160548913002014, 0.6362668962478638, 0.6291244288444519, 0.6496229031562805, 0.5888764320373535, 0.6019838257789611, 0.6047971731185913, 0.6087839703559875, 0.6356792939186097, 0.632253168296814, 0.6213882667541504, 0.6154803768634796, 0.6081441174983978, 0.6206846037864685, 0.601007770061493, 0.6394837470054626, 0.6755047632217407, 0.8278531196594239, 0.6422493883132935, 0.6154491795539856, 0.657144602394104, 0.6313803133964538, 0.6086824474334717, 0.6547227917671203, 0.6340210985660553, 0.6466259827613831, 0.6499039345741272, 0.6562245747566223, 0.6268030443668365, 0.634410194158554, 0.6225939113616943, 0.650698554134369, 0.6614265560626984, 0.6204205434799195, 0.64142869348526, 0.6509535671234131, 0.6515307155609131, 0.661499564743042, 0.6680899192333222, 0.6539843592643738, 0.7178861815452575, 0.6668206364631653, 0.6455847478866578, 0.6840706400871277, 0.657357899427414, 0.6858751046180726, 0.6718169516563416, 0.6671068858146667, 0.6635403716087341, 0.7462202328681946, 0.6502763444900512, 0.7199290060043335, 0.7265465182304383, 0.6621045722007751, 0.6715761306285858, 0.7159830282211304, 0.6522847832679749, 0.6590493134975434, 0.6714827279090881, 0.6967114997386933, 0.6572658939361572, 0.6651430658340454, 0.6874121360778809], "val_acc": [0.5937, 0.6751, 0.7064, 0.7193, 0.7277, 0.7628, 0.7463, 0.756, 0.7707, 0.792, 0.7914, 0.7924, 0.7944, 0.8022, 0.8084, 0.7926, 0.8104, 0.8084, 0.8154, 0.8027, 0.8164, 0.8165, 0.7965, 0.8153, 0.8139, 0.8217, 0.8214, 0.82, 0.8159, 0.8172, 0.8102, 0.8296, 0.8223, 0.8238, 0.827, 0.8207, 0.8258, 0.8255, 0.8229, 0.8269, 0.8225, 0.833, 0.8274, 0.8267, 0.8283, 0.82, 0.8312, 0.8297, 0.8285, 0.8315, 0.8316, 0.8329, 0.8237, 0.8245, 0.7773, 0.8261, 0.8262, 0.8242, 0.831, 0.8302, 0.8234, 0.8339, 0.8327, 0.8317, 0.8296, 0.8361, 0.8323, 0.8324, 0.8339, 0.8338, 0.836, 0.8352, 0.8361, 0.8375, 0.8353, 0.8368, 0.8327, 0.8274, 0.8366, 0.8392, 0.8307, 0.8343, 0.8357, 0.8378, 0.8352, 0.8382, 0.8251, 0.8362, 0.8263, 0.8286, 0.8383, 0.8348, 0.8294, 0.8377, 0.8375, 0.8355, 0.8344, 0.8383, 0.8372, 0.8355], "loss": [1.6156433714294434, 1.130055574913025, 0.9626343447113037, 0.8631473700714112, 0.7870671577644348, 0.7301931633281707, 0.6739440553665161, 0.6323938038444519, 0.5953993997192383, 0.5512726749229431, 0.5194706669044494, 0.4962751114654541, 0.47127719226837156, 0.43611196941375735, 0.4265271287727356, 0.39741923557281494, 0.38020933347702024, 0.362348461561203, 0.3500325763607025, 0.3282605396270752, 0.31340279318094255, 0.2973799164199829, 0.29089135580062864, 0.2759343626213074, 0.26388361207962036, 0.25205219399929046, 0.2489104817223549, 0.23256376575946808, 0.22942673213481904, 0.21940395045757294, 0.21466981698989868, 0.236949973154068, 0.20630518970489503, 0.1954671841096878, 0.1972204422724247, 0.18483855428934098, 0.18653737353801728, 0.17906127432346344, 0.17397080914974214, 0.17084360198497772, 0.1707912618112564, 0.1656091300702095, 0.15993186858177186, 0.1551454141330719, 0.1534861684727669, 0.1504255338215828, 0.14416300355911255, 0.14470427620649337, 0.14209886122465135, 0.1369268020606041, 0.1318043478345871, 0.13587569466590882, 0.13504054327011109, 0.13311169481635093, 0.12634974791526796, 0.22796866800785065, 0.1489004884123802, 0.1294959945678711, 0.12648579457998277, 0.11688973850727082, 0.11868173587560654, 0.11666085443735123, 0.10996188183009624, 0.10704700645446777, 0.10587007402420044, 0.10427732440710068, 0.10805185184538364, 0.10648398697316647, 0.10160449197649955, 0.10235062732458114, 0.10223884142577648, 0.09939626747131347, 0.10042197533249855, 0.09513698860168457, 0.0986581768989563, 0.0948247935140133, 0.09126979086399079, 0.09229799441915006, 0.09115948829591275, 0.08934972175419331, 0.09125811215758324, 0.08950836123228073, 0.08676883300065995, 0.0866657748323679, 0.08670667701929807, 0.08807624969005584, 0.08910819916844367, 0.11793663730114698, 0.08917723658442497, 0.08696936119318008, 0.08670724976241588, 0.09300950069010258, 0.0913716277205944, 0.08160900195479392, 0.08397981442153454, 0.07936221022903919, 0.07784283432364464, 0.07757121227622032, 0.07446094680964947, 0.07631992273658514], "acc": [0.46138, 0.61182, 0.66744, 0.70044, 0.72444, 0.74618, 0.76446, 0.78034, 0.79072, 0.80692, 0.81418, 0.82358, 0.83272, 0.8463, 0.84864, 0.8594, 0.86452, 0.87014, 0.87334, 0.88306, 0.8882, 0.89296, 0.8961, 0.9009, 0.90644, 0.9097, 0.9112, 0.9173, 0.9178, 0.92156, 0.92328, 0.91678, 0.92636, 0.92986, 0.92934, 0.93402, 0.93396, 0.9367, 0.93886, 0.93972, 0.93968, 0.94156, 0.94352, 0.94492, 0.94576, 0.9466, 0.94904, 0.94788, 0.94974, 0.9516, 0.95372, 0.95124, 0.95262, 0.95294, 0.95502, 0.92168, 0.94768, 0.95398, 0.95542, 0.95906, 0.95792, 0.958, 0.96082, 0.96206, 0.96298, 0.9636, 0.96198, 0.9623, 0.96456, 0.964, 0.9642, 0.96516, 0.96432, 0.96678, 0.96612, 0.96614, 0.96768, 0.96748, 0.9686, 0.9686, 0.96736, 0.96876, 0.96968, 0.96948, 0.96916, 0.97046, 0.96858, 0.9597, 0.969, 0.9684, 0.96932, 0.9678, 0.96756, 0.97046, 0.97056, 0.97246, 0.97308, 0.97236, 0.9729, 0.97362]}